{
  "cv": {
    "fold_f1": [
      0.09270631898223189,
      0.1118389368131593,
      0.09975283685824127,
      0.1193383527582233,
      0.10586221362993173
    ],
    "mean_f1": 0.1058997318083575,
    "std_f1": 0.009249027584187294
  },
  "test_report_full": {
    "AERIAL": {
      "precision": 0.12217194570135746,
      "recall": 0.25375939849624063,
      "f1-score": 0.1649358582773366,
      "support": 532.0
    },
    "BALL RECOVERY": {
      "precision": 0.028694404591104734,
      "recall": 0.06711409395973154,
      "f1-score": 0.04020100502512563,
      "support": 298.0
    },
    "CLEARANCE": {
      "precision": 0.0,
      "recall": 0.0,
      "f1-score": 0.0,
      "support": 57.0
    },
    "DISPOSSESSED": {
      "precision": 0.0273972602739726,
      "recall": 0.037037037037037035,
      "f1-score": 0.031496062992125984,
      "support": 162.0
    },
    "GOAL": {
      "precision": 0.011049723756906077,
      "recall": 0.06666666666666667,
      "f1-score": 0.018957345971563982,
      "support": 30.0
    },
    "INTERCEPTION": {
      "precision": 0.021660649819494584,
      "recall": 0.03508771929824561,
      "f1-score": 0.026785714285714284,
      "support": 171.0
    },
    "KEEPER PICKUP": {
      "precision": 0.0,
      "recall": 0.0,
      "f1-score": 0.0,
      "support": 8.0
    },
    "MISSED SHOT": {
      "precision": 0.010752688172043012,
      "recall": 0.08928571428571429,
      "f1-score": 0.019193857965451054,
      "support": 56.0
    },
    "NO EVENT": {
      "precision": 0.5476691729323309,
      "recall": 0.4840510366826156,
      "f1-score": 0.513898687738112,
      "support": 3762.0
    },
    "PASS": {
      "precision": 0.7085287846481876,
      "recall": 0.5034085744584154,
      "f1-score": 0.5886103976618545,
      "support": 6601.0
    },
    "SAVE": {
      "precision": 0.032467532467532464,
      "recall": 0.09803921568627451,
      "f1-score": 0.04878048780487805,
      "support": 51.0
    },
    "SAVED SHOT": {
      "precision": 0.015544041450777202,
      "recall": 0.04838709677419355,
      "f1-score": 0.023529411764705882,
      "support": 62.0
    },
    "TACKLE": {
      "precision": 0.036057692307692304,
      "recall": 0.06423982869379015,
      "f1-score": 0.046189376443418015,
      "support": 467.0
    },
    "accuracy": 0.4369747899159664,
    "macro avg": {
      "precision": 0.120153376624723,
      "recall": 0.13439049092607117,
      "f1-score": 0.11712140045617583,
      "support": 12257.0
    },
    "weighted avg": {
      "precision": 0.5580003940836037,
      "recall": 0.4369747899159664,
      "f1-score": 0.48586711571486,
      "support": 12257.0
    }
  },
  "macro_f1_full": 0.11712140045617583,
  "test_report_grouped": {
    "AERIAL": {
      "precision": 0.12217194570135746,
      "recall": 0.25375939849624063,
      "f1-score": 0.1649358582773366,
      "support": 532.0
    },
    "CLEARANCE": {
      "precision": 0.0,
      "recall": 0.0,
      "f1-score": 0.0,
      "support": 57.0
    },
    "NO EVENT": {
      "precision": 0.5476691729323309,
      "recall": 0.4840510366826156,
      "f1-score": 0.513898687738112,
      "support": 3762.0
    },
    "PASS": {
      "precision": 0.7085287846481876,
      "recall": 0.5034085744584154,
      "f1-score": 0.5886103976618545,
      "support": 6601.0
    },
    "POSSESSION_CHANGE_GROUP": {
      "precision": 0.1180246913580247,
      "recall": 0.21766848816029144,
      "f1-score": 0.15305795709253922,
      "support": 1098.0
    },
    "SHOT_OR_GK_GROUP": {
      "precision": 0.05835010060362173,
      "recall": 0.28019323671497587,
      "f1-score": 0.09658617818484597,
      "support": 207.0
    },
    "accuracy": 0.4549237170596394,
    "macro avg": {
      "precision": 0.2591241158739204,
      "recall": 0.2898467890854231,
      "f1-score": 0.2528481798257814,
      "support": 12257.0
    },
    "weighted avg": {
      "precision": 0.5665330009858284,
      "recall": 0.4549237170596394,
      "f1-score": 0.4972261524526469,
      "support": 12257.0
    }
  },
  "macro_f1_grouped": 0.2528481798257814,
  "classes": [
    "AERIAL",
    "BALL RECOVERY",
    "CLEARANCE",
    "DISPOSSESSED",
    "GOAL",
    "INTERCEPTION",
    "KEEPER PICKUP",
    "MISSED SHOT",
    "NO EVENT",
    "PASS",
    "SAVE",
    "SAVED SHOT",
    "TACKLE"
  ]
}