{
  "cv": {
    "fold_f1": [
      0.5950190508242272,
      0.6314966032579885,
      0.605229834248505,
      0.6759326129702115,
      0.6321947803301005
    ],
    "mean_f1": 0.6279745763262066,
    "std_f1": 0.02804845103595981
  },
  "test_report": {
    "NOT-PASS": {
      "precision": 0.6421133821827999,
      "recall": 0.5887553041018387,
      "f1-score": 0.6142778085224129,
      "support": 5656.0
    },
    "PASS": {
      "precision": 0.671050770753783,
      "recall": 0.7188304802302682,
      "f1-score": 0.6941193680514921,
      "support": 6601.0
    },
    "accuracy": 0.6588072122052705,
    "macro avg": {
      "precision": 0.6565820764682915,
      "recall": 0.6537928921660534,
      "f1-score": 0.6541985882869525,
      "support": 12257.0
    },
    "weighted avg": {
      "precision": 0.6576975954451855,
      "recall": 0.6588072122052705,
      "f1-score": 0.6572764325292214,
      "support": 12257.0
    }
  },
  "confusion_matrix": [
    [
      3330,
      2326
    ],
    [
      1856,
      4745
    ]
  ]
}